Joke,Punchline,Attachment
My wife just found out I replaced our bed with a trampoline,...she hit the roof.,joke1.webp
I would tell you my autumn joke,but you probably wouldn't fall for it,joke2.webp
Grandma's been staring through the window ever since it started to snow.,If it gets any worse I'll have to let her in.,joke3.webp
What did the vegan say?,I made a big missed steak.,joke4.gif
I used to be a banker,but then I lost interest.,
How do you get Pikachu onto the bus?,You Pokemon.,joke6.gif
Did you hear there is a coin shortage in America?,We're running out of common cents.,joke7.webp
A stock market crash is worse than a divorce,you lose half your money and your wife is still around.,joke8.webp
My wife goes out 3 evenings a week with her driving instructor.,I wouldn't mind but she passed her driving test in 2018.,joke9.webp
Relationships are a lot like algebra.,Have you ever looked at your X and wondered Y?,joke10.webp
"Geology rocks,...",but Geography is where it’s at!,
What do you call a dog with no legs?,"Doesn't matter what you call him, he's not coming.",joke12.webp
Why don’t scientists trust atoms?,Because they make up everything!,joke13.webp
What did the ocean say to the beach?,"Nothing, it just waved!",joke14.webp
What do you call a pig that does karate?,A pork chop!,joke15.webp
I was going to look for my missing watch,but I could never find the time,joke16.webp
If at first you don't succeed,we have a lot in common.,joke17.webp
Behind every successful student,there is a deactivated TikTok account.,joke18.webp
"A guy goes to a club; the bouncer stops him. ""No tie, no entry."" He walks back to his car to find a tie. All he found were jumper cables so he puts them around his neck like a tie. He goes back and says ""How's this?"" The bouncer says ""I'll let you in, but don't start anything.""",,
"When I was a boy, I had a disease that required me to eat dirt three times a day in order to survive",It's a good thing my older brother told me about it.,
I like older men because they've gotten used to life's disappointments.,Which means they're ready for me.,joke21.webp
You can tell a girl likes you if she stares at your phone instead of her own.,,
How does broccoli use a cellphone?,He cauliflower.,joke23.webp
Did you hear about the kidnapping at school?,It's okay. He woke up.,joke24.webp
My math teacher called me average.,How mean!,joke25.webp
I wanna make a joke about sodium,but Na..,joke26.webp
How do you make a water-bed more bouncy?,by using spring water.,joke27.webp
What do you call an academically successful slice of bread?,An honor roll.,
I don't understand why some people use fractions instead of decimals.,It's pointless.,joke29.webp
"If number 666 is evil, then 25.8069758011 is the root of all evil.",,
I hate jokes about prom,The punch line is always too long.,joke31.webp
What do bad school grades have in common with a shipwreck in the Arctic Ocean?,They're both below C level!,joke32.webp
Why didn't the skeleton want to go to school?,His heart wasn't in it.,joke33.webp
"Yo momma is so fat, when she sat on an iPod, she made the iPad!",,joke34.webp
"So, after beating the crap out of the nerdy kid in my class who always gets things right, I returned to the front of the classroom and resumed teaching.",,joke35.webp
I hate when I am about to hug someone really sexy and my face hits the mirror.,t,joke36.webp
"People used to laugh at me when I would say ""I want to be a comedian"", well nobody's laughing now.",,joke37.webp
"Scientists say the universe is made up of Protons, Neutrons, and Electrons.",They forgot to mention Morons.,joke38.webp
Why couldn't the bike stand up on it's own?,It was two tired.,joke39.webp
What did the tree say to autumn?,Leaf me alone.,joke40.webp
I stayed up all night wondering where the sun went,then it dawned on me,joke41.webp
I'd tell you a chemistry joke,but I know I wouldn't get a reaction.,joke42.webp
Don't spell part backwards.,It's a trap.,joke43.webp
A book just fell on my head.,I've only got myshelf to blame.,joke44.webp
I used to be addicted to soap,but I'm clean now.,joke45.webp
"Son: ""Dad, can you tell me what a solar eclipse is?""","Dad: ""No sun.""",joke46.webp
I ordered 2000 lbs. of chinese soup.,It was Won Ton.,joke47.webp
What do you call a dictionary on drugs?,HIGH-Definition.,joke48.webp
Justice is a dish best served cold,"because if it were served warm, it would be justwater.",joke49.webp
"Did you hear about these new reversible jackets? ",I'm excited to see how they turn out.,joke50.webp
I bought a dictionary and when I got home I realized all the pages were blank,I have no words for how angry I am.,joke51.webp
"I hate insects puns,",they really bug me.,joke52.webp
Did you hear about the Italian chef with a terminal illness?,He pastaway.,
Why did the bee get married?,Because he found his honey.,joke54.webp
"Bro, you are so poor you can't even pay attention. ","Sorry for the stray, I've really been holding that in.",joke55.webp
What do sea monsters eat for lunch?,Fish and ships.,joke56.webp
"A huge thanks to the guy that just explained the word ""many"" to me."," It means a lot.",
"Last night, I dreamed I was swimming in an ocean of orange soda.",But it was just a Fanta sea.,joke58.webp
Why didn't the skeleton dance at the Halloween party?,It had no body to dance with!,joke59.webp
What does a baby computer call its father?,Data.,joke60.webp
You can tell a girl likes you if she stares at your phone instead of her own.,,joke61.webp
The first computer dates back to Adam and Eve.,"It was an Apple with limited memory, just one byte. And then everything crashed.",
Why do Java developers wear glasses?,Beacause they cant C#.,joke63.webp
How do trees access the internet?,They log in.,joke64.webp
"My mom said that if I don't get off my computer and do my homework she'll slam my head on the keyboard, but I think she's",jokinfjreoiwjrtwe4to8rkljreun8f4ny84c8y4t58lym4wthylmhawt4mylt4amlathnatyn,joke65.webp
I love the F5 key.,It´s just so refreshing.,joke66.webp
I tried to escape the Apple store.,I couldn't because there were no Windows.,joke67.webp
"The first time I got a universal remote control, I thought to myself...","""This changes everything"".",joke68.webp
What was Forrest Gump's email password?,"""1forrest1""",joke69.webp
My wife and I were happy for twenty years.,Then we met.,joke70.webp
Before I tell my wife something important.,I take both her hands in mine. That way she can't hit me with them.,joke71.webp
I asked my wife to embrace her mistakes.,She gave me a hug.,joke72.webp
Did you hear about the monkeys who shared an Amazon account?,They were prime mates.,joke73.webp
What does Jeff Bezos do every night before bed?,He puts his pajamazon.,joke74.gif
What do hackers do on a boat?,Phishing.,joke75.gif
Why was the IT guy in the hospital?,He touched the firewall.,joke76.webp
Why do app developer’s have such high insurance rates?,They’re always crashing.,joke77.webp
What is it called when an IT person gets surgery on their fingers?,Tech knuckle support.,joke78.webp
Why do computers make such bad boxers?,Their bark is worse than their byte.,joke79.webp
How does a computer get drunk?,It takes screenshots.,
Do you know the band 1023 megabytes?,They haven’t had a gig yet.,
Who is a computer’s favorite singer?,A Dell.,
What’s the best way to learn about computers?,Bit by bit.,
What is a computer’s favorite animal?,A RAM.,
Why did the PowerPoint presentation cross the road?,To get to the other slide.,
Why do people on Twitter tell me I’m always confused?,Because I don’t follow.,
Why is everyone who works at the keyboard factory so rich?,They put in a lot of shifts.,
Why doesn’t a computer’s car last very long?,They always have hard drives.,
What did the eyewitness tell the cops after a computer robbed a bank?,It went data way!,
Why are people afraid of computers?,They byte.,joke90.webp
Where do naughty disk drives get sent?,Boot camp.,
Why are spiders so good at the internet?,They know all the good web sites.,joke92.webp
Why do programmers never run the AC?,"They prefer to open windows. ",joke93.webp
What do computers do on a beach vacation?,Surf the net.,joke94.webp
Why did the man get so sad his computer had a virus?,It was a terminal illness.,joke95.webp
Why can’t an IT guy keep a girlfriend?,He turns them all off and on again.,joke96.webp
Where do computers go to dance?,The disk-O.,joke97.webp
Where did the software developer go?,He probably ransomware,joke98.webp
Don’t push my buttons unless you’re ready for a reboot.,,joke99.webp
